{"products":[{"id":"0.7110069429415826","qty":2}],"totalPrice":14.980000000000004}